country,airport_code,airport_name
AE,OMAA,ABU DHABI INTERNATIONAL
AE,OMAD,ABU DHABI/AL BATEEN EXECUTIVE
AE,OMAL,AL AIN
AE,OMAM,AL DHAFRA (MIL)
AE,OMDW,AL MAKTOUM INTERNATIONAL
AE,OMDB,DUBAI INTERNATIONAL
AE,OMDM,DUBAI MINHAD (MIL)
AE,OMFJ,FUJAIRAH INTERNATIONAL
AE,OMAJ,JEBEL DHANA
AE,OMRK,RAS AL KHAIMAH INTERNATIONAL
AE,OMSJ,SHARJAH INTERNATIONAL
AE,OMAW,SWEIHAN (MIL)
AE,OM99,Unknown - UNITED ARAB EMIRATES
AF,OAIX,BAGRAM
AF,OAZI,BASTION AIRFIELD
AF,OAHR,HERAT
AF,OAKX,KABUL ACC/FIC
AF,OAKB,KABUL AD
AF,OAKN,KANDAHAR
AF,OAMS,MAZAR-E-SHARIF
AF,OA99,Unknown - AFGHANISTAN
AG,TAPA,V.C.BIRD ANTIGUA
AI,TQPF,"CLAYTON J. LLOYD ,ANGUILLA"
AL,LATI,TIRANA
AL,LA99,Unknown - ALBANIA
AM,UDYE,EREBUNI
AM,UD99,Unknown - ARMENIA
AM,UDYZ,YEREVAN
AM,UGEE,YEREVAN/ZVARTNOTS + FIR
AN,TNCB,BONAIRE/FLAMINGO
AN,TNCF,CURACAO/ACC/FIC
AN,TNCC,CURACAO/AEROPUERTO HATO
AN,TNCM,ST. MAARTEN/PRINCESS JULIANA
AO,FNBG,BENGUELA/17 DE SETEMBRO
AO,FNCA,CABINDA/CABINDA
AO,FNAN,LUANDA FIR/UIR
AO,FNLU,LUANDA/4 DE FEVEREIRO
AR,SABA,BUENOS AIRES- A.N.A.C (CABA)
AR,SACO,CORDOBA/ING. A.L.V. TARAVELLA (CBA)
AR,SAEZ,EZEIZA MINISTRO PISTARINI (BA)
AR,SANH,RIO HONDO/LAS TERMAS (SE)
AR,SANT,TUCUMAN/TEN. BENJAMIN MATIENZO (T)
AT,LOVV,FIR WIEN
AT,LOWG,GRAZ
AT,LOWI,INNSBRUCK
AT,LOWK,KLAGENFURT
AT,LOWL,LINZ
AT,LOWM,MET COM CENTER (WETTERFERNMELDEZENTRALE)
AT,LOWS,SALZBURG
AT,LO99,Unknown - AUSTRIA
AT,LOWW,WIEN-SCHWECHAT
AU,APAD,ADELAIDE
AU,YMAV,AVALON
AU,ABBN,BRISBANE
AU,YBBN,BRISBANE/BRISBANE INTL
AU,AMML,MELBOURNE/INTL
AU,YMML,MELBOURNE/MELBOURNE INTL
AU,APPH,PERTH/INTL
AU,YPPH,PERTH/PERTH INTL
AU,ASSY,SYDNEY/KINGSFORD SMITH INTL
AU,YSSY,SYDNEY/SYDNEY (KINGSFORD SMITH) INTL
AU,AS90,SYSTEM - SYDNEY
AU,YM99,Unknown - AUSTRALIA
AW,TNCA,ORANJESTAD/BEATRIX
AZ,UBBG,GANJA
AZ,UBBB,HEYDAR ALIYEV INTERNATIONAL
AZ,UBBL,LENKORAN
AZ,UB99,Unknown - AZERBAIJAN
BA,LQBK,BANJA LUKA
BA,LQSA,SARAJEVO
BA,LQBU,SARAJEVO/BUTMIR
BA,LQTZ,TUZLA
BA,LQ99,Unknown - BOSNIA AND HERZEGOVINA
BB,TBPO,"BRIDGETOWN,BARBADOS"
BB,TBPB,"GRANTLEY ADAMS,BARBADOS"
BD,VGFR,DHAKA FIR
BD,VGEG,M.A. HANNAN INTL. CHITTAGONG
BD,VGSY,"OSMANI INTERNATIONAL ,SYLHET"
BD,VGHS,SHAHJALAL INTERNATIONAL
BD,VGZR,"ZIA INTL.,DHAKA"
BE,EBAW,ANTWERPEN/DEURNE
BE,EBBR,BRUSSELS
BE,EBBS,BRUSSELS CIVILAIR
BE,EBCI,CHARLEROI/BRUSSELS SOUTH
BE,EBKT,KORTRIJK/WEVELGEM
BE,EBLG,LIEGE
BE,EBLH,LLEGE/HELI (MET) (MIL)
BE,EBOS,OOSTENDE/BRUGGE
BE,EB99,Unknown - BELGIUM
BF,DFOO,BOBO DIOULASSO
BF,DFFD,OUAGADOUGOU
BF,DFFV,OUAGADOUGOU/VILLE
BF,DF99,Unknown - BURKINA FASO
BG,LBBG,BURGAS
BG,LBGO,GORNA ORYAHOVITSA
BG,LBPD,PLOVDIV
BG,LBSF,SOFIA
BG,LB99,Unknown - BULGARIA
BG,LBWN,VARNA
BH,OBBI,BAHRAIN INTERNATIONAL
BH,OB99,Unknown - BAHRAIN
BI,HBBA,BUJUMBURA
BJ,DBBB,CARDINAL BERNARDIN GANTIN DE CADJEHOUN INTERNATIONAL
BM,TXKF,L.F. WADE INTERNATIONAL
BN,WBSB,BRUNEI/INTL
BO,SLVR,VIRU VIRU
BR,SBWB,BELEM/TMA
BR,SBBE,"BELEM/VAL DE CANS/JULIO CEZAR RIBEIRO, PA"
BR,SBBH,"BELO HORIZONTE/PAMPULHA, CARLOS DRUMMOND DE ANDRADE, MG"
BR,SBCF,BELO HORIZONTE/TANCREDO NEVES MG
BR,SBBR,"BRASILIA/PRES. JUSCELINO KUBITSCHEK, DF"
BR,SBWR,BRASILIA/TMA
BR,SBKP,"CAMPINAS/VIRACOPOS,SP"
BR,SBCT,"CURITIBA/AFONSO PENA, PR"
BR,SBBI,"CURITIBA/BACACHERI, PR"
BR,SBCW,CURITIBA/FIR
BR,SBFZ,"FORTALEZA/ PINTO MARTINS, CE"
BR,SBWZ,FORTALEZA/TMA
BR,SBFI,"FOZ DO IGUACU/CATARATAS, PR"
BR,SBMU,MANAUS
BR,SBEG,"MANAUS/EDUARDO GOMES, AM"
BR,SBNT,"NATAL/AUGUSTO SEVERO, RN"
BR,SBXT,"NATAL/TMA"
BR,SBPL,"PETROLINA/SENADOR NILO COELHO, PE"
BR,SBPA,"PORTO ALEGRE/SALGADO FILHO, RS"
BR,SBWP,PORTO ALEGRE/TMA
BR,SBRE,RECIFE/FIR
BR,SBRF,"RECIFE/GUARARAPES - GILBERTO FREYRE, PE"
BR,SBGL,"RIO DE JANEIRO/GALEAO-ANTONIO CARLOS JOBIM, RJ"
BR,SBJR,"RIO DE JANEIRO/JACAREPAGUA-ROBERTO MARINHO,RJ"
BR,SBRJ,RIO DE JANEIRO/SANTOS DUMONT RJ
BR,SBWJ,RIO DE JANEIRO/TMA
BR,SBSV,"SALVADOR/DEPUTADO LUIS EDUARDO MAGALHAES, BA"
BR,SBXS,SALVADOR/TMA
BR,SBSG,SAO GONCALO DO AMARANTE/GOVERNADOR ALUIZIO ALVES
BR,SBSP,"SAO PAULO/CONGONHAS, SP"
BR,SBGR,"SAO PAULO/GUARULHOS, GOVERNADOR ANDRE FRANCO MONTORO, SP"
BR,SBXP,SAO PAULO/TMA
BR,SB90,SYSTEM - SAO PAULO
BR,SBHZ,TANCREDO NEVES INTERNATIONAL - BELO HORIZONTE
BR,SB99,Unknown - BRAZIL
BR,SBXR,VITORIA/TMA
BS,MYGF,GRAND BAHAMA INTERNATIONAL
BS,MYNN,LYNDEN PINDLING INTERNATIONAL
BS,MYER,ROCK SOUND
BS,MYSM,SAN SALVADOR INTERNATIONAL
BW,FBSK,GABORONE/SIR SERETSE KHAMA INTERNATIONAL
BY,UMMB,BOROVAYA
BY,UMBB,BREST
BY,UMGG,HOMIEL
BY,UMLI,MACHULISHCHI
BY,UMOO,MAHILIOU
BY,UMMM,MINSK-1
BY,UMMS,MINSK-2
BY,UMRR,RIGA/SKULTE + FIR
BY,UM99,Unknown - BELARUS
BY,UMII,VICIEBSK
BY,UMWW,VILNIUS INTL
CA,CYYC,"CALGARY INTL, AB"
CA,CYOD,"COLD LAKE/GROUP CAPTAIN R.W. MCNAIR, AB"
CA,CYEG,"EDMONTON INTL, AB"
CA,CYEA,"EMPRESS, AB"
CA,CYQX,"GANDER INTL, NL"
CA,CYYR,"GOOSE BAY, NL"
CA,CYHZ,"HALIFAX/STANFIELD INTL, NS"
CA,CYHM,"HAMILTON, ON"
CA,CYQM,"MONCTON/GREATER MONCTON INTL, NB"
CA,CYOQ,MONTREAL - MIRABEL
CA,CWAO,"MONTREAL (CANADIAN MET CENTRE), QUE."
CA,CYMX,"MONTREAL INTL (MIRABEL), QC"
CA,CYUL,"MONTREAL/PIERRE ELLIOT TRUDEAU INTL, QC"
CA,CYHU,"MONTREAL/ST-HUBERT, QC"
CA,CYOW,"OTTAWA/MACDONALD-CARTIER INTL, ON"
CA,CUUP,"OTTAWA/UPLANDS CFB, ONT"
CA,CYQB,QUEBEC/JEAN LESAGE INTL QC
CA,CYYT,"ST. JOHN'S INTL, NL"
CA,CYJT,"STEPHENVILLE, NL"
CA,CY90,SYSTEM - MONTREAL
CA,CYTZ,"TORONTO/BILLY BISHOP TORONTO CITY , ON"
CA,CYYZ,"TORONTO/LESTER B. PEARSON INTL, ON"
CA,CYTR,"TRENTON, ON"
CA,C999,Unknown - CANADA
CA,CYVR,"VANCOUVER INTL, BC"
CA,CYQG,"WINDSOR, ON"
CA,CYWG,"WINNIPEG/JAMES ARMSTRONG RICHARDSON INTL, MB"
CD,FZNA,GOMA
CD,FZAA,KINSHASA/N'DJILI
CF,FEFF,BANGUI/M'POKO
CG,FCBB,BRAZZAVILLE/MAYA-MAYA
CG,FCPP,POINTE NOIRE
CH,LSZM,BASEL
CH,LSZB,BERN-BELP
CH,LSZZ,COLLECTIVE ADDRESS FOR NOTAM AND SNOWTAM
CH,LSGG,GENEVA
CH,LSZL,LOCARNO
CH,LSZA,LUGANO
CH,LSSW,METEOSUISSE
CH,LSZR,ST. GALLEN-ALTENRHEIN
CH,LS99,Unknown - SWITZERLAND
CH,LSZH,ZURICH
CI,DIII,"ABIDJAN (FIS,ACC,COM)"
CI,DIAP,ABIDJAN/FELIX HOUPHOUET BOIGNY
CI,DI99,Unknown - COTE D'IVOIRE
CL,SCDA,IQUIQUE/AP GRAL. DIEGO ARACENA
CL,SCEL,SANTIAGO/AP ARTURO MERINO BENITEZ
CL,SCSC,SANTIAGO/D.G.A.C
CL,SCEM,SANTIAGO/DIRECCION METEOROLOGICA DE CHILE (MET)
CL,SCTC,TEMUCO/AD MAQUEHUE
CM,FKKD,DOUALA/AEROPORT
CM,FKKR,GAROUA
CM,FKYS,YAOUNDE/NSIMALEN
CM,FKKY,YAOUNDE/VILLE
CN,ZBBB,BEIJING CITY
CN,ZBPE,BEIJING FIR
CN,ZBAA,BEIJING/CAPITAL
CN,ZBAD,BEIJING/DAXING INTERNATIONAL
CN,ZBNY,BEIJING/NANYUAN
CN,ZYCC,CHANGCHUN/LONGJIA
CN,ZGCS,CHANGSHA CITY
CN,ZGHA,CHANGSHA/HUANGHUA
CN,ZYCY,CHAOYANG
CN,ZUUU,CHENGDU/SHUANGLIU
CN,ZUCK,CHONGQING/JIANGBEI
CN,JUCK,CHONGQUING JIANGBEI INTERNATIONAL
CN,ZYTL,DALIAN/ZHOUSHUIZI
CN,ZBDS,DONGSHENG
CN,ZSFZ,FUZHOU/CHANGLE
CN,ZGGG,GUANGZHOU/BAIYUN
CN,ZUGY,GUIYANG/LONGDONGBAO
CN,ZGHK,HAIKOU
CN,ZJHK,HAIKOU/MEILAN
CN,ZSHC,HANGZHOU/XIAOSHAN
CN,ZYHB,HARBIN/TAIPING
CN,ZSOF,HEFEI/LUOGANG
CN,ZSTN,JINAN CITY
CN,ZSJN,JINAN/YAOQIANG
CN,ZPPP,KUNMING/WUJIABA
CN,ZBSZ,LIANGCHENG
CN,VMMC,MACAO/INTL
CN,ZSCN,"NANCHANG/CHANGBEI"
CN,ZSNJ,"NANJING/LUKOU"
CN,ZGNN,"NANNING/WUXU"
CN,ZSNB,NINGBO/LISHE
CN,ZSQD,QINGDAO/LIUTING
CN,ZSRG,RUGAO
CN,ZGSA,SANYA ACC
CN,ZSSA,SHANGHAI CITY
CN,ZSSS,SHANGHAI/HONGQIAO
CN,ZSSL,SHANGHAI/LONGHUA
CN,ZSPD,SHANGHAI/PUDONG
CN,ZYTX,SHENYANG/TAOXIAN
CN,ZGSZ,SHENZHEN/BAOAN
CN,ZGNT,SHENZHEN/NANTOU
CN,ZBSJ,SHIJIAZHUANG/ZHENGDING
CN,ZB90,SYSTEM - BEIJING
CN,ZS90,SYSTEM - SHANGHAI
CN,ZBYN,TAIYUAN/WUSU
CN,ZBTJ,TIANJIN/BINHAI
CN,ZUTR,TONGREN/DAXING
CN,ZB99,Unknown - CHINA
CN,ZS99,Unknown - CHINA
CN,ZB00,Unknown - CHINA
CN,ZWWW,URUMQI/DIWOPU
CN,ZSWZ,WENZHOU
CN,ZHHH,WUHAN/TIANHE
CN,ZHWT,WUHAN/WANGJIADUN
CN,ZSWX,WUXI
CN,ZLSN,XI'AN CITY
CN,ZLXY,XI'AN/XIANYANG
CN,ZSAM,XIAMEN/GAOQI
CN,ZSYT,YANTAI/LAISHAN
CN,ZHCC,ZHENGZHOU/XINZHENG
CO,SKBQ,BARRANQUILLA INTL/ATLANTICO
CO,SKED,BOGOTA ACC-UIR-FIR/CUNDINAMARCA
CO,SKBO,BOGOTA INTL/CUNDINAMARCA
CO,SKCL,CALI INTL/VALLE
CO,SKYP,EL YOPAL/CASANARE
CO,SKRG,RIONEGRO INTL/ANTIOQUIA
CO,SK99,Unknown - COLOMBIA
CR,MROC,ALAJUELA/JUAN SANTAMARIA INTL.
CR,MRPV,PAVAS/TOBIAS BOLANOS INTL.
CU,MUCL,CAYO LARGO DEL SUR/VILO ACUNA INTL.
CU,MUCA,CIEGO DE AVILA/MAXIMO GOMEZ
CU,MUHG,HOLGUIN/FRANK PAIS INTL. - CIV/MIL
CU,MUHA,LA HABANA/JOSE MARTI INTL.
CU,MUCU,SANTIAGO DE CUBA/ANTONIO MACEO INTL
CU,MU99,Unknown - CUBA
CU,MUVR,VARADERO/JUAN G. GOMEZ INTL
CU,MUZG,ZARAGOZA
CV,GVAC,AMILCAR CABRAL/SAL ISLAND
CV,GVNP,PRAIA
CV,GVPR,"PRAIA/FRANCISCO MENDES, SANTIAGO I."
CV,GVBA,RABIL/BOA VISTA ISLAND
CV,GVSC,SAL OCEANIC FIR/UIR
CV,GVSV,SAO PEDRO/SAO VICENTE ISLAND
CY,LCEN,ERCAN
CY,LCLK,LARNAKA/INTL
CY,LCPH,PAFOS/INTL
CY,LC99,Unknown - CYPRUS
CZ,LKTB,BRNO/TURANY
CZ,LKAA,FIR PRAHA
CZ,LKKV,KARLOVY VARY
CZ,LKLT,LETNANY
CZ,LKMT,OSTRAVA/MOSNOV
CZ,LKPD,PARDUBICE
CZ,LKPR,PRAHA/RUZYNE
CZ,LK99,Unknown - CZECH REPUBLIC
CZ,LKZA,ZABREH
DE,EDBA,ARNSTADT-ALKERSLEBEN
DE,EDMA,AUGSBURG
DE,ETEF,BABENHAUSEN HEL MIL
DE,EDRS,BAD SOBERNHEIM-DOMBERG
DE,EDTB,BADEN/OOS
DE,EDBB,BERLIN ACC/FIC
DE,EDDB,BERLIN-BRANDENBURG
DE,ETBN,BERLIN-SCHOENEFELD
DE,ETBS,BERLIN-SCHOENEFELD
DE,EDDT,BERLIN-TEGEL
DE,EDDI,BERLIN-TEMPELHOF
DE,EDDA,BONN MOT CAD OFFENBACH
DE,EDKB,BONN-HANGELAR
DE,EDVE,BRAUNSCHWEIG-WOLFSBURG
DE,EDDW,BREMEN
DE,EDQC,COBURG-BRANDENSTEINSEBENE
DE,EDLW,DORTMUND
DE,EDDC,DRESDEN
DE,ETDN,DRESDEN
DE,EDDL,DUESSELDORF
DE,EDGE,EISENACH-KINDEL
DE,EDBD,EMMEL AIRFIELD DEDELOW
DE,EDDE,ERFURT-WEIMAR
DE,EDXF,FLENSBURG-SCHAEFERHAUS
DE,EDSO,FRANKFURT
DE,EDFH,FRANKFURT-HAHN
DE,EDDF,FRANKFURT/MAIN
DE,EDDD,FRANKFURT/MAIN INTL COM AFTN CENTRE
DE,EDNY,FRIEDRICHSHAFEN
DE,ED77,GERMANY CONFIDENTIAL
DE,EDLG,GOCH-ASPERDEN
DE,EDMU,GUNDELFINGEN
DE,EDDH,HAMBURG
DE,EDHA,HAMBURG
DE,EDHI,HAMBURG-FINKENWERDER
DE,EDDV,HANNOVER
DE,EDVV,HANNOVER UIR
DE,EDVL,HOELLEBERG
DE,EDQM,HOF-PLAUEN
DE,ETSI,INGOLSTADT/MANCHING
DE,EDSB,KARLSRUHE/BADEN-BADEN
DE,EDVK,KASSEL-CALDEN
DE,EDHK,KIEL-HOLTENAU
DE,ETNK,KOELN BONN MIL AIS
DE,EDDK,KOELN/BONN
DE,ETNL,LAAGE
DE,EDUL,LAARBRUCH
DE,ETSL,LECHFELD
DE,ETLS,LEIPZIG
DE,EDAC,LEIPZIG-ALTENBURG
DE,EDDP,LEIPZIG/HALLE
DE,EDHL,LUEBECK-BLANKENSEE
DE,EDFM,MANNHEIM CITY
DE,EDJA,MEMMINGEN
DE,EDSM,MEMMINGEN
DE,EDLN,MOENCHENGLADBACH
DE,EDDM,MUENCHEN
DE,EDLT,MUENSTER-TELGTE
DE,EDDG,MUENSTER/OSNABRUECK
DE,EDLV,NIEDERRHEIN
DE,EDNM,NITTENAU-BRUCK
DE,ETMN,NORDHOLZ
DE,EDDN,NUERNBERG
DE,EDLP,PADERBORN/LIPPSTADT
DE,ETAR,RAMSTEIN AB
DE,EDDR,SAARBRUECKEN
DE,EDTY,SCHWAEBISCH HALL
DE,EDOP,SCHWERIN-PARCHIM
DE,EDGS,SIEGERLAND
DE,EDTK,SINSHEIM
DE,EDRY,SPEYER
DE,EDOR,STOELLN/RHINOW
DE,EDDS,STUTTGART
DE,ETOC,STUTTGART-ECHTERDINGEN
DE,EDXW,SYLT
DE,ED90,SYSTEM - BERLIN
DE,ED00,Unknown
DE,ED99,Unknown
DE,EDLX,WESEL-ROEMERWARDT
DE,EDRZ,ZWEIBRUECKEN
DJ,HDAM,AMBOULI
DJ,HFFF,AMBOULI
DK,EKYT,AALBORG
DK,EKAH,AARHUS
DK,EKBI,BILLUND
DK,EKRN,BORNHOLM/RONNE
DK,EKEB,ESBJERG
DK,EKKA,KARUP (MIL)
DK,EKCH,KOBENHAVN/KASTRUP
DK,EKRK,KOBENHAVN/ROSKILDE
DK,EKOD,ODENSE
DK,EKSB,SONDERBORG
DK,EK90,SYSTEM - KOBENHAVN
DK,EKGF,TYRA AFIS
DK,EK99,Unknown - DENMARK
DK,EKVG,VAGAR
DK,EKSP,VOJENS/SKRYDSTRUP (MIL)
DM,TDCF,"CANEFIELD,DOMINICA"
DM,TDPD,MELVILLE HALL DOMINICA
DO,MDBC,LA ROMANA/BATEY CACATA
DO,MDLR,LA ROMANA/INTL CASA DE CAMPO
DO,MDPP,PUERTO PLATA /INTL GREGORIO LUPERON.
DO,MDPC,PUNTA CANA INTL.
DO,MDCY,SAMANA/ INTL CATEY
DO,MDCS,SANTO DOMINGO/FIR/UIR
DO,MDHE,SANTO DOMINGO/HERRERA
DO,MDSD,SANTO DOMINGO/INTL JOSE FRANCISCO PENA GOMEZ
DO,MD99,Unknown - DOMINICAN REPUBLIC
DZ,DAAG,ALGER/HOUARI BOUMEDIENE
DZ,DABB,ANNABA/RABAH BITAT
DZ,DAAE,BEJAIA/SOUMMAM-ABANE RAMDANE
DZ,DAAK,BOUFARIK
DZ,DABC,CONSTANTINE/MOHAMED BOUDIAF
DZ,DAUG,GHARDAIA/NOUMERAT-MOUFDI ZAKARIA
DZ,DAUH,HASSI MESSAOUD/OUED IRARA-KRIM BELKACEM
DZ,DAOO,ORAN/AHMED BENBELLA
DZ,DAUU,OUARGLA/AIN BEIDA
DZ,DAAS,SETIF/8 MAI 45
DZ,DAAT,TAMANRASSET/AGUENAR-HADJ BEY AKHAMOK
DZ,DAOF,TINDOUF
DZ,DAON,TLEMCEN/ZENATA-MESSALI EL HADJ
DZ,DA99,Unknown - ALGERIA
EC,SEGU,GUAYAQUIL
EC,SELT,LATACUNGA
EC,SEQU,QUITO
EC,SEQM,QUITO/MARISCAL SUCRE INTL
EE,EEKE,KURESSAARE
EE,EETN,LENNART MERI TALLINN
EE,EETT,"TALLINN ACC,RCC,FIR"
EE,EE99,Unknown - ESTONIA
EG,HEAL,AL ALAMAIN/INTL
EG,HESN,ASWAN / INTL
EG,HEBA,BORG EL ARAB / INTL
EG,HECA,CAIRO/INTL
EG,HEGN,HURGHADA / INTL
EG,HELX,LUXOR / INTL
EG,HEMA,MARSA ALAM / INTL
EG,HE01,SHARM EL SHEIKH
EG,HESH,SHARM EL SHEIKH / INTL
EG,HE02,SIWA
EG,HETB,TABA / INTL
EG,HE99,Unknown - EGYPT
EH,GSAI,EL AAIUN
EL,LGAL,ALEXANDROUPOLIS/DIMOKRITOS
EL,LGBL,ALMIROS/NEA ANCHIALOS
EL,LGRX,ARAXOS
EL,LGPL,ASTYPALAIA
EL,LGAT,"ATHINAI (APP,MET)"
EL,LGAC,ATHINAI (CAA/CITY)
EL,LGAV,ATHINAI/ELEFTHERIOS VENIZELOS
EL,LGSA,CHANIA/IOANNIS DASKALOGIANNIS
EL,LGHI,CHIOS/OMIROS
EL,LGIK,IKARIA/IKAROS
EL,LGIO,IOANNINA/KING PYRROS
EL,LGIR,IRAKLION/NIKOS KAZANTZAKIS
EL,LGKL,KALAMATA
EL,LGKY,KALYMNOS
EL,LGKP,KARPATHOS
EL,LGKS,KASSOS
EL,LGKJ,KASTELORIZO
EL,LGKV,KAVALA/MEGAS ALEXANDROS
EL,LGKF,KEFALLINIA/ANNA POLLATOU
EL,LGKR,KERKIRA/IOANNIS KAPODISTRIAS
EL,LGKC,KITHIRA/ALEXANDROS ARISTOTELOUS ONASSIS
EL,LGKO,KOS/IPPOKRATIS
EL,LGLE,LEROS
EL,LGLM,LIMNOS/IFAISTOS
EL,LGMK,MIKONOS
EL,LGML,MILOS
EL,LGMT,MITILINI/ODYSSEAS ELYTIS
EL,LGNX,"NAXOS"
EL,LG04,"NAXOS"
EL,LGPA,PAROS
EL,LGPZ,PREVEZA/AKTION
EL,LGRP,RODOS/DIAGORAS
EL,LGRD,RODOS/MARITSA
EL,LGSM,SAMOS/ARISTARCHOS OF SAMOS
EL,LGSR,SANTORINI
EL,LGSK,SKIATHOS/ALEXANDROS PAPADIAMANDIS
EL,LGSY,SKIROS
EL,LGSO,SYROS/DIMITRIOS VIKELAS
EL,LGTS,THESSALONIKI/MAKEDONIA
EL,LG03,THIRA
EL,LG99,Unknown - GREECE
EL,LGZA,ZAKINTHOS/DIONISIOS SOLOMOS
ER,HHAA,ASMARA ACC/RCC
ER,HHAS,ASMARA AIS/APP/COM/MET/TWR
ES,LECO,A CORUNA
ES,LEMD,ADOLFO SUAREZ MADRID-BARAJAS
ES,LEAL,ALICANTE
ES,LEAM,ALMERIA
ES,LEAS,ASTURIAS
ES,LEBL,BARCELONA/EL PRAT
ES,LEBB,BILBAO
ES,LECH,CALAMOCHA
ES,LEBA,CORDOBA
ES,LERL,CUIDAD REAL/CENTRAL
ES,GCFV,FUERTEVENTURA
ES,LEGE,GIRONA
ES,GCLP,GRAN CANARIA
ES,GCGC,GRAN CANARIA (MET)
ES,LEGR,GRANADA/JAEN/FEDERICO GARCIA LORCA
ES,GCHI,HIERRO
ES,LEIB,IBIZA
ES,LEJR,JEREZ
ES,LECD,LA CERDANYA (GIRONA) (HEL)
ES,GCGM,LA GOMERA
ES,GCLA,LA PALMA
ES,GCRR,LANZAROTE
ES,LECU,MADRID/CUATRO VIENTOS (CIV)
ES,LEGT,MADRID/GETAFE
ES,LETO,MADRID/TORREJON
ES,LEMG,MALAGA/COSTA DEL SOL
ES,GEML,MELILLA
ES,GEHM,MELILLA (HEL MILITAR)
ES,LEMH,MENORCA
ES,LEMI,MURCIA/AEROPUERTO DE LA REGION DE MURCIA
ES,LELC,MURCIA/SAN JAVIER
ES,LEPA,PALMA DE MALLORCA
ES,LEPM,PALMA DE MALLORCA (OFICINA METEOROLOGICA AERONAUTCA)
ES,LECP,PALMA TACC
ES,LESJ,PALMA/SON SAN JUAN (MIL)
ES,LEPP,PAMPLONA
ES,LERS,REUS
ES,LESA,SALAMANCA
ES,LESO,SAN SEBASTIAN
ES,LEST,SANTIAGO
ES,LETA,SERVEI GENERALS DEL CIRCUIT DE CATALUNYA (BARCELONA) (HEL)
ES,LEXJ,SEVE BALLESTEROS-SEVE BALLESTEROS-SANTANDER
ES,LEZL,SEVILLA
ES,LESV,SEVILLA (OFICINA METEOROLOGICA AERONAUTCA)
ES,GCXO,TENERIFE NORTE
ES,GCTS,TENERIFE SUR/REINA SOFIA
ES,GC99,Unknown - SPAIN
ES,LE99,Unknown - SPAIN
ES,LEVC,VALENCIA
ES,LECL,VALENCIA TACC
ES,LEBT,VALENCIA/BETERA (HEL MILTAR)
ES,LEVD,VALLADOLID
ES,LEVX,VIGO
ES,LEVT,VITORIA
ES,LEZG,ZARAGOZA
ET,HAAB,ADDIS ABABA/BOLE COM/MET/NOF
ET,HAAS,ASMARA APP
ET,HABD,BAHIR DAR
FI,EFKL,HELSINKI (MET INSTITUTE)
FI,EFHF,HELSINKI-MALMI
FI,EFHK,HELSINKI/VANTAA
FI,EFIV,IVALO
FI,EFJO,JOENSUU
FI,EFJY,JYVASKYLA
FI,EFKI,KAJAANI
FI,EFKE,KEMI-TORNIO
FI,EFKT,KITTILA
FI,EFKK,KOKKOLA-PIETARSAARI
FI,EFKU,KUOPIO
FI,EFKS,KUUSAMO
FI,EFLP,LAPPEENRANTA
FI,EFMA,MARIEHAMN
FI,EFOU,OULU
FI,EFPO,PORI
FI,EFRO,ROVANIEMI
FI,EFSA,SAVONLINNA
FI,EFTP,TAMPERE-PIRKKALA
FI,EFTU,TURKU
FI,EF99,Unknown - FINLAND
FI,EFVA,VAASA
FI,EFVR,VARKAUS
FR,TFFF,AIME CESAIRE MARTINIQUE
FR,LF90,airport SYSTEM - PARIS
FR,LFKJ,AJACCIO-NAPOLEON-BONAPARTE
FR,LFAQ,ALBERT-BRAY
FR,LFLP,ANNECY-MEYTHET
FR,LF93,AVIGNON - SYSTEM
FR,LFMV,AVIGNON-CAUMONT
FR,LFSB,BALE-MULHOUSE
FR,LFKB,BASTIA-PORETTA
FR,LFOB,BEAUVAIS-TILLE
FR,LFBE,BERGERAC-ROUMANIERE
FR,LFMU,BEZIERS-VIAS
FR,LFBZ,BIARRITZ-BAYONNE-ANGLET
FR,LFXJ,BORDEAUX (3EME REGION AIR)
FR,LFBB,BORDEAUX FIC/ACC/UAC/CCER
FR,LFBD,BORDEAUX-MERIGNAC
FR,LFRB,BREST-BRETAGNE
FR,LFSL,BRIVE SOUILLAC
FR,LFRK,CAEN-CARPIQUET
FR,LFKC,CALVI-SAINTE-CATHERINE
FR,LFMD,CANNES-MANDELIEU
FR,LFTL,CANNES-QUAI DU LARGE
FR,LFMK,CARCASSONNE-SALVAZA
FR,LFCK,CASTRES/MAZAMET
FR,SOCA,CAYENNE-ROCHAMBEAU
FR,LFOK,CHALONS-VATRY
FR,LFLB,CHAMBERY-AIX-LES-BAINS
FR,LFLX,CHATEAUROUX-DEOLS
FR,LFEJ,CHATEAUROUX-VILLERS
FR,LFLC,CLERMONT-FERRAND-AUVERGNE
FR,LFRG,DEAUVILLE-NORMANDIE
FR,LFSD,DIJON-LONGVIC
FR,LFRD,DINARD PLEURTUIT SAINT MALO
FR,LFGJ,DOLE-TAVAUX
FR,FMCZ,DZAOUDZI
FR,LFBQ,ENAC-TOULOUSE
FR,LFSG,EPINAL-MIRECOURT
FR,LFKF,FIGARI-SUD-CORSE
FR,TFFM,"GRAND BOURG, MARIE GALANTE"
FR,LFLS,GRENOBLE-ISERE
FR,LFTH,HYERES-LE PALYVESTRE
FR,LFMI,ISTRES-LE TUBE - ISTRES CCER
FR,LF01,LA DEFEN
FR,LFTZ,LA MOLE
FR,LFBH,LA ROCHELLE-ILE DE RE
FR,LFOH,LE HAVRE-OCTEVILLE
FR,LFAT,LE TOUQUET-COTE D'OPALE
FR,LFQQ,LILLE-LESQUIN
FR,LFBL,LIMOGES-BELLEGARDE
FR,LFRH,LORIENT-LANN-BIHOUE
FR,LFLL,LYON SAINT-EXUPERY
FR,LFLY,LYON-BRON
FR,SO03,MARIPASO
FR,SOOA,MARIPASOULA
FR,LFML,MARSEILLE-PROVENCE
FR,LFJL,METZ NANCY-LORRAINE
FR,LFBM,MONT-DE-MARSAN
FR,LFMT,MONTPELLIER MEDITERRANEE
FR,LFGB,MULHOUSE-HABSHEIM
FR,LFRS,"NANTES ATLANTIQUE"
FR,LFMN,NICE-COTE D'AZUR
FR,LFTW,NIMES-GARONS
FR,LFEC,OUESSANT
FR,LFPS,PARIS (VILLE)
FR,LFPG,PARIS-CHARLES DE GAULLE
FR,LFPB,PARIS-LE BOURGET
FR,LFPO,PARIS-ORLY
FR,LFBP,PAU-PYRENEES
FR,LFMP,PERPIGNAN RIVESALTES
FR,TFFR,POINTE-A-PITRE LE RAIZET GUADELOUPE
FR,LFBI,POITIERS-BIARD
FR,LFPT,PONTOISE-CORMEILLES-EN-VEXIN
FR,LFRQ,QUIMPER-PLUGUFFAN
FR,LFRN,RENNES SAINT JACQUES
FR,LFCR,RODEZ-MARCILLAC
FR,LFOP,ROUEN-VALLEE DE SEINE
FR,TFFJ,SAINT BARTHELEMY FRENCH ANTILLES
FR,FMEE,SAINT DENIS GILLOT
FR,TFFG,"SAINT MARTIN, GRAND CASE, GUADELOUPE"
FR,FMEP,SAINT PIERRE PIERREFONDS
FR,LFMH,SAINT-ETIENNE-BOUTHEON
FR,SOOG,SAINT-GEORGES-DE-L OYAPOCK
FR,LFRZ,SAINT-NAZAIRE-MONTOIR
FR,LFVP,SAINT-PIERRE-POINTE BLANCHE
FR,SOOS,SAUL
FR,LF96,STRASBOURG - SYSTEM
FR,LFST,STRASBOURG-ENTZHEIM
FR,LF91,SYSTEM - LYON
FR,LFBT,TARBES LOURDES PYRENEES
FR,LFIA,TOULOUSE MCC (CENTRE SARSAT)
FR,LFBO,TOULOUSE/BLAGNAC
FR,LFOT,TOURS VAL DE LOIRE
FR,LFEN,TOURS-SORIGNY
FR,LF99,Unknown - FRANCE
FR,LF00,Unknown - FRANCE
FR,SO99,Unknown - GUYANE/FRANCE
FR,LFAV,VALENCIENNES-DENAIN
GA,FOOB,BITAM
GA,FOOL,LIBREVILLE/LEON M'BA
GD,TGPY,"MAURICE BISHOP, GRENADA"
GE,UGSB,BATUMI
GE,UGKO,KUTAISI/KOPITNARI
GE,UGGG,TBILISI FIR
GE,UGTB,TBILISI/TBILISI
GE,UG99,Unknown - GEORGIA
GH,DGAC,ACCRA ACC
GH,DGAA,ACCRA/KOTOKA INTERNATIONAL
GH,DG99,Unknown - GHANA
GI,LXGB,GIBRALTAR (NORTH FRONT)
GL,BGSF,KANGERLUSSUAQ
GL,BGKK,KULUSUK
GL,BGBW,"NARSARSUAQ"
GL,BGTL,THULE AIR BASE (MIL)
GL,BG99,Unknown - GREENLAND/DENMARK
GM,GBYD,BANJUL INTERNATIONAL
GN,GUCY,CONAKRY/GBESSIA
GQ,FGBT,BATA
GQ,FGSL,MALABO
GT,MGGT,LA AURORA
GW,GGOV,BISSAU/OSWALDO VIEIRA INTL
HK,VHHK,HONG KONG FIR
HK,VHHH,HONG KONG/INTERNATIONAL
HK,VH99,Unknown - HONG KONG
HN,MHRO,ROATAN/JUAN MANUEL GALVEZ INTL.
HN,MHLM,SAN PEDRO SULA/RAMON V MORALES INTL
HR,LDDU,DUBROVNIK/CILIPI
HR,LDPL,PULA
HR,LDRI,RIJEKA/KRK I
HR,LDSP,SPLIT/KASTELA
HR,LD99,Unknown - CROATIA
HR,LDZD,ZADAR/ZEMUNIK
HR,LDZA,ZAGREB/FRANJO TUDJMAN
HT,MTPP,PORT-AU-PRINCE/INTL
HU,LHCC,BUDAPEST
HU,LHAA,BUDAPEST CAA
HU,LHBP,BUDAPEST/LISZT FERENC INTERNATIONAL
HU,LHDC,DEBRECEN
HU,LHPR,GYOR/PER
HU,LHPA,PAPA (MIL)
HU,LH99,Unknown - HUNGARY
ID,WADD,BALI INTL/NGURAH RAI
ID,WRRR,JAKARTA CITY
ID,WIII,JAKARTA INTL/SOEKARNO-HATTA
ID,WIIH,JAKARTA/HALIM PERDANAKUSUMA
ID,WIID,JAKARTA/KEMAYORAN
ID,WIMM,MEDAN/POLONIA
ID,WARR,SURABAYA/JUANDA
ID,WI90,SYSTEM - JAKARTA
IE,EICK,CORK
IE,EIDL,DONEGAL
IE,EIDW,DUBLIN
IE,EIDB,DUBLIN (MET COM CENTRE)
IE,EICM,GALWAY
IE,EIKN,IRELAND WEST
IE,EIKY,KERRY
IE,EIKG,KINSALE GAS FIELD
IE,EINN,SHANNON
IE,EISN,SHANNON ACC/UACC/FIR/UIR
IE,EISG,SLIGO
IE,EI99,Unknown - IRELAND
IE,EIWF,WATERFORD
IL,LLET,EILAT/J. HOZMAN
IL,LLBG,TEL-AVIV/BEN GURION
IL,LLSD,TEL-AVIV/SDE-DOV
IL,LL99,Unknown - ISRAEL
IN,VAAH,AHMEDABAD
IN,VIAR,AMRITSAR
IN,VOBL,"BANGALORE INTERNATIONAL , DEVENAHALLI, BANGALORE"
IN,VOBG,BANGLORE
IN,VEBA,CALCUTTA (BEHALA)
IN,VOMM,CHENNAI
IN,VIDP,DELHI (IGI)
IN,VIDD,DELHI (SAFDARJUNG)
IN,VAGO,GOA (NAVY)
IN,VOHY,HYDERABAD
IN,VOHS,"HYDERABAD INTERNATIONAL (RAJIV GANDHI INTERNATIONAL SHAMSHABAD, HYDERABD)"
IN,VECC,KOLKATA
IN,VABB,MUMBAI
IN,VAJJ,MUMBAI(JUHU)
IN,VI99,SLOVAKIA - Unknown - INDIA
IN,VO99,Unknown - INDIA
IN,VA99,Unknown - INDIA
IQ,ORAA,AL ASAD
IQ,ORNI,AL NAJAF
IQ,ORBC,BAGHDAD ICAA
IQ,ORBI,BAGHDAD INTERNATIONAL
IQ,ORBB,BAGHDAD/BAGHDAD FIR
IQ,ORBS,BAGHDAD/SADDAM INTL
IQ,ORBD,BALAD
IQ,ORMM,BASRAH INTL
IQ,ORER,ERBIL INTL
IQ,ORKK,KIRKUK
IQ,ORQW,QAYYARAH WEST
IQ,ORSU,SULAYMANIYAH INTERNATIONAL
IQ,OR99,Unknown - IRAQ
IR,OIAW,AHWAZ
IR,OIMV,MASHHAD
IR,OIMM,MASHHAD/SHAHID HASHEMI NEJAD INTL
IR,OITO,MIAN DO AB
IR,OISS,SHIRAZ/SHAHID DASTGHAIB INTL
IR,OITT,TABRIZ/INTL
IR,OIIE,TEHRAN/IMAM KHOMAINI INTL
IR,OIII,TEHRAN/MEHRABAD INTL
IR,OITR,UROMIYEH
IS,BIAR,AKUREYRI
IS,BIEG,EGILSSTADIR
IS,BIIS,ISAFJORDUR
IS,BIKF,KEFLAVIK
IS,BIRK,REYKJAVIK
IS,BITA,REYKJAVIK POST AND TELEGRAPH ADMINISTRATION
IS,BI99,Unknown - ICELAND
IS,BIVM,VESTMANNAEYJAR
IT,LIMG,ALBENGA
IT,LIEA,ALGHERO/FERTILIA
IT,LIPY,ANCONA/FALCONARA
IT,LIBD,BARI/PALESE
IT,LIME,BERGAMO/ORIO AL SERIO
IT,LIPE,BOLOGNA/BORGO PANIGALE
IT,LIPB,BOLZANO
IT,LIPO,BRESCIA/MONTICHIARI
IT,LIBR,BRINDISI/CASALE
IT,LIEE,CAGLIARI/ELMAS
IT,LICC,CATANIA/FONTANAROSSA
IT,LICZ,CATANIA/SIGONELLA (MIL)
IT,LICB,COMISO
IT,LIBC,CROTONE
IT,LIMZ,CUNEO/LEVALDIGI
IT,LIJJ,ENAC
IT,LIRQ,FIRENZE/PERETOLA
IT,LIPK,FORLI'
IT,LIMJ,GENOVA/SESTRI
IT,LICA,LAMEZIA TERME
IT,LICD,LAMPEDUSA
IT,LIMM,MILANO ACC/CENTRO COM
IT,LIML,MILANO/LINATE
IT,LIMC,MILANO/MALPENSA
IT,LIRN,"NAPOLI/CAPODICHINO"
IT,LIEO,OLBIA/COSTA SMERALDA
IT,LICP,PALERMO/BOCCA DI FALCO
IT,LICJ,PALERMO/PUNTA RAISI
IT,LICG,PANTELLERIA
IT,LIMP,PARMA
IT,LIRZ,PERUGIA/S. FRANCESCO
IT,LIBP,PESCARA
IT,LIRP,PISA/S. GIUSTO
IT,LICR,REGGIO CALABRIA
IT,LIPR,RIMINI/MIRAMARE
IT,LIRR,ROMA ACC
IT,LIRA,ROMA/CIAMPINO
IT,LIRF,ROMA/FIUMICINO
IT,LIRU,ROMA/URBE
IT,LI91,SYSTEM - MILANO
IT,LI90,SYSTEM - ROME
IT,LI92,SYSTEM - VENEZIA
IT,LIBG,TARANTO/GROTTAGLIE
IT,LIMF,TORINO/CASELLE
IT,LICT,TRAPANI/BIRGI
IT,LIPH,TREVISO/S.ANGELO
IT,LIVT,TRIESTE
IT,LIPQ,TRIESTE/RONCHI DEI LEGIONARI
IT,LI99,Unknown
IT,LIPV,VENEZIA/LIDO
IT,LIPZ,VENEZIA/TESSERA
IT,LIPN,VERONA/BOSCOMANTICO
IT,LIPX,VERONA/VILLAFRANCA
JM,MKJP,KINGSTON/NORMAN MANLEY
JM,MKJS,MONTEGO BAY/SANGSTER
JO,OJAM,AMMAN/MARKA
JO,OJAI,AMMAN/QUEEN ALIA
JO,OJAQ,AQABA/KING HUSSEIN
JO,OJ99,Unknown - JORDAN
JP,RJGG,CHUBU CENTRAIR INTL
JP,RJFF,FUKUOKA
JP,RJFK,KAGOSHIMA
JP,RJNK,KANAZAWA/KOMATSU
JP,RJBB,KANSAI INTL
JP,RJFR,KITAKYUSHU
JP,RJOP,KOMATSUSHIMA
JP,RJNN,"NAGOYA"
JP,RJNA,"NAGOYA"
JP,RJAA,"NARITA INTL"
JP,RJOO,OSAKA INTL
JP,RJCC,SAPPORO/NEW CHITOSE
JP,RJ90,SYSTEM - TOKYO
JP,RJOT,TAKAMATSU
JP,RJTD,TOKYO (CITY)
JP,RJTT,TOKYO INTL
JP,RJ99,Unknown - JAPAN
JP,RJTY,YOKOTA
KE,HKEL,ELDORET/INTL.
KE,HKMO,MOMBASA
KE,HKNA,"NAIROBI ACC,FIC,RCC,COM"
KE,HKNC,"NAIROBI KCAA HQ/HQ/AIS HQ/MET HQ/COM"
KE,HKJK,"NAIROBI/JOMO KENYATTA INTL. TWR/APP/NOF/MET/CIVIL AIRLINES"
KE,HK99,Unknown - KENYA
KG,UAFF,BISHKEK
KG,UAFM,BISHKEK/MANAS
KG,UCFM,BISHKEK/MANAS
KH,VDPP,PHNOM PENH
KM,FMCV,ANJOUAN/OUANI
KM,FMCN,MORONI/ICONI
KM,FMCH,MORONI/PRINCE SAID IBRAHIM
KN,TKPK,ROBERT L. BRADSHAW ST. CHRISTOPHER (ST. KITTS) AND NEVIS
KR,RKPP,BUSAN HAEUNDAE
KR,RKTU,CHEONGJU
KR,RKPK,GIMHAE INTL
KR,RKSS,GIMPO
KR,RKSI,INCHEON INTL
KR,RKSL,MLTM
KR,RKSM,SINCHONRI
KR,RK99,Unknown - REPUBLIC OF KOREA
KW,OKAS,ALI AL SALEM AIR BASE
KW,OKBK,KUWAIT/INTL
KW,OK99,Unknown - KUWAIT
KY,MWCG,GRAND CAYMAN (CITY)
KY,MWCR,OWEN ROBERTS INTL/GRAND CAYMAN
KZ,UATE,AKTAU
KZ,UATT,AKTOBE
KZ,UAAA,ALMATY
KZ,UACC,ASTANA
KZ,UATG,ATYRAU
KZ,UAKK,KARAGANDA
KZ,UAUU,KOSTANAY
KZ,UADD,TARAZ
KZ,UA99,Unknown - KAZAKHSTAN
KZ,UARR,URALSK
KZ,UAKD,ZHEZKAZGAN
LB,OLBA,BEIRUT/BEIRUT INTL
LB,OL99,Unknown - LEBANON
LC,TLPC,"GEORGE F. CHARLES, SAINT LUCIA"
LC,TLPL,HEWANORRA SAINT LUCIA
LK,VCBI,KATUNAYAKE/BANDARANAIKE INTERNATIONAL COLOMBO
LR,GLRB,MONROVIA/ROBERTS INTL
LR,GLMR,MONROVIA/SPRIGGS PAYNE
LT,EYKA,KAUNAS INTL
LT,EYKG,KAUNAS/GAMYKLA
LT,EYPA,PALANGA/INTERNATIONAL
LT,EYSA,SIAULIAI INTL
LT,EY99,Unknown - LITHUANIA
LT,EYVI,VILNIUS INTL
LU,ELLX,LUXEMBOURG
LU,EL99,Unknown - LUXEMBOURG
LV,EVRA,RIGA
LV,EVRS,RIGA (SPILVE)
LV,EV99,Unknown - LATVIA
LY,HLLB,BENGHAZI (BENINA INTL)
LY,HLLQ,EL BEIDA (LABRAQ)
LY,HLMS,MISURATA
LY,HLLS,SEBHA (SEBHA INTL)
LY,HL02,SERT
LY,HLLM,TRIPOLI (MITIGA INTL)
LY,HLLT,TRIPOLI (TRIPOLI INTL)
LY,HL99,Unknown - LIBYA
MA,GMAD,AGADIR/AL MASSIRA
MA,GMAA,AGADIR/INEZGANE
MA,GMTA,AL HOCEIMA/CHERIF EL IDRISSI
MA,GMMM,CASABLANCA (ACC/FIC)
MA,GMMC,CASABLANCA/ANFA
MA,GMMN,CASABLANCA/MOHAMMED V
MA,GMMT,CASABLANCA/TIT MELLIL
MA,GMMH,DAKHLA
MA,GMMI,ESSAOUIRA/MOGADOR
MA,GMFF,FES/SAISS
MA,GMML,LAAYOUNE/HASSAN 1
MA,GMMX,MARRAKECH/MENARA
MA,GMMW,"NADOR/EL AROUI"
MA,GMFO,OUJDA/ANGADS
MA,GMME,RABAT/SALE
MA,GMMA,SMARA
MA,GM90,SYSTEM - CASABLANCA
MA,GMTT,TANGER/IBN BATOUTA
MA,GM99,Unknown - MOROCCO
MC,LNMC,MONACO
MD,LUKK,CHISINAU/INTERNATIONAL
MD,LUKA,KICHINAU CAA
MD,LU99,Unknown - MOLDOVA
ME,LYPG,PODGORICA
ME,LYTI,PODGORICA
ME,LYTV,TIVAT
MG,FMMI,ANTANANARIVO/IVATO
MG,FMNM,MAHAJANGA/PH. TSIRANANA
MG,FMNN,NOSY-BE
MG,FMMT,TOAMASINA
MK,LWOH,OHRID
MK,LYOH,OHRID
MK,LWSK,SKOPJE
MK,LYSK,SKOPJE
MK,LW99,Unknown - NORTH MACEDONIA
ML,GABS,BAMAKO/SENOU
ML,GAGO,GAO
ML,GA99,Unknown - MALI
MN,ZMUB,ULAANBAATAR/CHINGGIS KHAAN
MN,ZM99,Unknown - MONGOLIA
MR,GQPP,NOUADHIBOU
MR,GQNO,NOUAKCHOTT-OUMTOUNSY
MR,GQNN,NOUAKCHOTT/AEROPORT
MR,GQNV,NOUAKCHOTT/VILLE
MT,LMMG,GOZO HELIPORT
MT,LMML,LUQA
MT,LMMM,MALTA ACC/FIR/UIR
MU,FIMP,SIR SEEWOOSAGUR RAMGOOLAM INTERNATIONAL
MU,FI99,Unknown - MAURITIUS
MV,VRMM,MALE INTERNATIONAL
MW,FWLK,LIKOMA
MW,FWLL,LILONGWE (FIR/FIC/COM CENTRE)
MW,FWKI,LILONGWE/KAMUZU INTERNATIONAL
MX,MMUN,CANCUN
MX,MMCZ,COZUMEL
MX,MMGL,GUADALAJARA
MX,MMMX,MEXICO
MX,MMMY,MONTERREY
MX,MMPR,PUERTO VALLARTA
MX,MMQT,QUERETARO
MX,MMTJ,TIJUANA
MX,MMTO,TOLUCA
MX,MM99,Unknown - MEXICO
MY,WMKP,PENANG/INTL
MY,WMKK,SEPANG/KL INTERNATIONAL
MY,WMSA,SUBANG/SULTAN ABDUL AZIZ SHAH
MZ,FQBR,BEIRA
MZ,FQMA,MAPUTO
"NA",FYWH,HOSEA KUTAKO INTL
"NA",FY00,OTHER NAMIBIA
NC,NWWW,NOUMEA LA TONTOUTA
NE,DRRN,NIAMEY
NE,DR99,Unknown - NIGER
NG,DNAA,ABUJA/NNAMDI AZIKIWE
NG,DNKK,KANO ACC/FIC
NG,DNKN,KANO/MALLAM AMINU KANO
NG,DNMM,LAGOS/MURTALA MUHAMMED
NG,DNPO,PORT HARCOURT
NG,DN99,Unknown - NIGERIA
NI,MNMG,MANAGUA//MANAGUA
NL,EHAA,AMSTERDAM ACC/FIC
NL,EHAM,AMSTERDAM/SCHIPHOL
NL,EHWO,BERGEN OP ZOOM/WOENSDRECHT
NL,EHEH,EINDHOVEN
NL,EHTW,ENSCHEDE/TWENTHE
NL,EHGG,GRONINGEN/EELDE
NL,EHBK,MAASTRICHT/AACHEN
NL,EHRD,ROTTERDAM
NL,EH99,Unknown - NETHERLANDS
NO,ENAL,ALESUND/VIGRA
NO,ENAT,ALTA
NO,ENAN,ANDOYA/ANDENES
NO,ENDU,BARDUFOSS
NO,ENBS,BATSFJORD
NO,ENBR,BERGEN/FLESLAND
NO,ENBO,BODO
NO,ENBN,BRONNOYSUND/BRONNOY
NO,ENFL,FLORO
NO,ENBL,FORDE/BRINGELAND
NO,ENHF,HAMMERFEST
NO,ENEV,HARSTAD/NARVIK/EVENES
NO,ENHK,HASVIK
NO,ENHD,HAUGESUND/KARMOY
NO,ENHV,HONNINGSVAG/VALAN
NO,ENKR,KIRKENES/HOYBUKTMOEN
NO,ENCN,KRISTIANSAND/KJEVIK
NO,ENKB,KRISTIANSUND/KVERNBERGET
NO,ENNA,LAKSELV/BANAK
NO,ENLK,LEKNES
NO,ENCA,LUFTFARTSTILSYNET CIVIL AVIATION AUTHORITY
NO,ENMH,MEHAMN
NO,ENRA,MO I RANA/ROSSVOLL
NO,ENML,MOLDE/ARO
NO,ENMS,MOSJOEN/KJAERSTAD
NO,ENRY,MOSS/RYGGE
NO,ENNM,"NAMSOS"
NO,ENNK,"NARVIK/FRAMNES"
NO,ENOS,"NORWAY ACC, OSLO"
NO,ENAS,NY ALESUND (SVALBARD)
NO,ENOV,ORSTA-VOLDA/HOVDEN
NO,ENGM,OSLO/GARDERMOEN
NO,ENRM,RORVIK/RYUM
NO,ENRS,ROST
NO,ENSD,SANDANE/ANDA
NO,ENTO,SANDEFJORD/TORP
NO,ENST,SANDNESSJOEN/STOKKA
NO,ENSG,SOGNDAL/HAUKASEN
NO,ENSR,SORKJOSEN
NO,ENFB,STATFJORD B
NO,ENZV,STAVANGER/SOLA
NO,ENSK,STOKMARKNES/SKAGEN
NO,ENSO,STORD/SORSTOKKEN
NO,ENSB,SVALBARD/LONGYEAR
NO,ENSA,SVEA
NO,ENSH,SVOLVAER/HELLE
NO,ENTC,TROMSO/LANGNES
NO,ENTR,TRONDHEIM/ST. OLAVS HOSPITAL
NO,ENVA,TRONDHEIM/VAERNES
NO,EN99,Unknown - NORWAY
NO,EN00,Unknown - NORWAY
NO,ENVD,VADSO
NO,ENSS,VARDO/SVARTNES
NP,VNKT,KATHMANDU
NZ,NZAA,AUCKLAND INTL
OM,OOMS,MUSCAT/MUSCAT INTL
OM,OOSA,SALALAH
PA,MPMG,PANAMA/MARCOS A. GELABERT
PA,MPTO,PANAMA/TOCUMEN
PE,SPLI,LIMA
PE,SPIM,LIMA-CALLAO/INTL JORGE CHAVEZ
PE,SPJC,LIMA-CALLAO/INTL. JORGE CHAVEZ
PF,NTAA,TAHITI FAAA
PG,AY01,MAMAI PAPUA
PH,RPMM,"MALABANG, LANAO DEL SUR"
PH,RPLL,MANILA/NINOY AQUINO INTL
PH,RPLC,"PAMPANGA/DIOSDADO MACAPAGAL INTERNATIONAL MABALACAT, PAMPANGA"
PH,RPLB,"SUBIC BAY,SUBIC BAY INTL"
PK,OPIS,ISLAMABAD INTL
PK,OPRN,ISLAMABAD/BENAZIR BHUTTO INTERNATIONAL
PK,OPKC,KARACHI/JINNAH INTERNATIONAL
PK,OPLH,LAHORE (WALTON)
PK,OPLA,LAHORE/ALLAMA IQBAL INTERNATIONAL
PK,OPPS,PESHAWAR/INTL.
PK,OP99,Unknown - PAKISTAN
PL,EPBK,BIALYSTOK/KRYWLANY
PL,EPBY,BYDGOSZCZ/SZWEDEROWO
PL,EPGD,GDANSK IM LECHA WALESY
PL,EPKM,KATOWICE/MUCHOWIEC
PL,EPKT,KATOWICE/PYRZOWICE
PL,EPKK,KRAKOW/BALICE
PL,EPLL,LODZ/LUBLINEK
PL,EPLB,LUBLIN
PL,EPSY,MAZURY
PL,EPPO,POZNAN/LAWICA
PL,EPRZ,RZESZOW/JASIONKA
PL,EPSC,SZCZECIN/GOLENIOW
PL,EP99,Unknown - POLAND
PL,EPBC,WARSZAWA/BABICE
PL,EPWA,WARSZAWA/CHOPINA
PL,EPMO,WARSZAWA/MODLIN
PL,EPWR,WROCLAW/STRACHOWICE
PR,TJBQ,AGUADILLA/RAPHAEL HERNANDEZ PR.
PR,TJZS,"SAN JUAN (ARTCC),PR."
PR,TJSJ,"SAN JUAN/LUIS MUNOZ MARIN INTERNATIONAL, PR."
PT,LPCR,CORVO
PT,LPFR,FARO
PT,LPFL,FLORES
PT,LPFU,FUNCHAL/MADEIRA I.
PT,LPGR,GRACIOSA
PT,LPHR,HORTA
PT,LPLA,LAJES
PT,LPPT,LISBOA
PT,LPMA,MADEIRA
PT,LPMO,MONTARGIL
PT,LPPI,PICO
PT,LPPD,PONTA DELGADA
PT,LPPR,PORTO
PT,LPPS,PORTO SANTO
PT,LPAZ,SANTA MARIA
PT,LPPO,SANTA MARIA OAC/FIC
PT,LPSJ,SAO JORGE
PT,LP99,Unknown - PORTUGAL
PY,SGAS,ASUNCION/S.PETTIROSSI
QA,OTBH,AL UDAID AIRBASE
QA,OTBD,DOHA INTERNATIONAL
QA,OTHH,HAMAD INTERNATIONAL
QA,OT99,Unknown - QATAR
RO,LRAR,ARAD/ARAD
RO,LRBC,BACAU
RO,LRBB,BUCURESTI (FIC/ACC/AIS/CAA/COM CENTRE)
RO,LRBS,BUCURESTI/BANEASA-AUREL VLAICU
RO,LROP,BUCURESTI/HENRI COANDA
RO,LRCL,CLUJ NAPOCA/AVRAM IANCU
RO,LRCK,CONSTANTA/MIHAIL KOGALNICEANU-CONSTANTA
RO,LRCV,CRAIOVA
RO,LRIA,IASI
RO,LROD,ORADEA/ORADEA
RO,LRSB,SIBIU
RO,LRSV,SUCEAVA/STEFAN CEL MARE
RO,LRTM,TARGU MURES/TRANSILVANIA
RO,LRTR,TIMISOARA/TRAIAN VUIA
RO,LR99,Unknown - ROMANIA
RS,LYBE,BEOGRAD/NIKOLA TESLA
RS,LYNI,NIS
RS,LY99,Unknown - SERBIA AND MONTENEGRO
RU,UNAA,ABAKAN
RU,URKA,ANAPA/VITYAZEVO
RU,ULAA,ARKHANGELSK/TALAGI
RU,UWKE,BEGISHEVO
RU,UUOB,BELGOROD
RU,UIBB,BRATSK
RU,USCC,CHELYABINSK/BALANDINO
RU,UU04,DOMODEDOVO/ANAPA
RU,URMG,GROSNY
RU,UIII,IRKUTSK
RU,UUBI,IVANOVO/YUZHNY
RU,UMKK,KALININGRAD/KHRABROVO
RU,UWKD,KAZAN
RU,UNEE,KEMEROVO
RU,UHHH,KHABAROVSK/NOVY
RU,URKK,KRASNODAR/PASHKOVSKIY
RU,UNKL,KRASNOYARSK/YEMELYANOVO
RU,USCM,MAGNITOGORSK
RU,URMM,MINERALNYYE VODY
RU,UUWV,MOSCOW FIR/ATFMU
RU,UUUU,"MOSCOW, AFTN/CIDIN COM CENTRE, CITY"
RU,UUDD,MOSCOW/DOMODEDOVO
RU,UUEE,MOSCOW/SHEREMETYEVO
RU,UUWW,MOSCOW/VNUKOVO
RU,UUUM,MOSKVA
RU,USNN,NIZHNEVARTOVSK
RU,UWGG,NIZHNY NOVGOROD/STRIGINO
RU,UNNT,NOVOSIBIRSK/TOLMACHEVO
RU,UNNN,NOVOSIBIRSK/TOLMACHEVO +FIR
RU,UNOO,OMSK/TSENTRALNY
RU,UWOO,ORENBURG
RU,UWOR,ORSK
RU,UH99,Other Unknown - RUSSIA
RU,USPP,PERM/BOLSHOE SAVINO
RU,UUBW,RAMENSKOYE
RU,URRP,ROSTOV ON DON/PLATOV
RU,URRR,ROSTOV-NA-DONU
RU,UWWW,SAMARA/KURUMOCH
RU,ULLL,"SANKT-PETERBURG, AFTN/CIDIN COM CENTRE, FIR (AFTMU)"
RU,ULLI,SANKT-PETERBURG/PULKOVO
RU,URSS,SOCHI
RU,URMT,STAVROPOL/SHPAKOVSKOYE
RU,USRR,SURGUT
RU,UU90,SYSTEM - MOSKVA
RU,ULTT,TALLIN/YULEMIST + FIR
RU,USTR,TYUMEN/ROSCHINO
RU,UWUU,UFA
RU,UIUU,ULAN-UDE/MUKHINO
RU,UO05,ULYANOVSK
RU,UWLW,ULYANOVSK/VOSTOCHNY
RU,UL99,Unknown - RUSSIA
RU,US99,Unknown - RUSSIA
RU,UU99,Unknown - RUSSIA
RU,UN99,Unknown - RUSSIA
RU,UW99,Unknown - RUSSIA
RU,UR99,Unknown - RUSSIA
RU,UHWW,VLADIVOSTOK/KNEVICHI
RU,URWW,VOLGOGRAD/GUMRAK
RU,UUOO,VORONEZH/CHERTOVITSKOYE
RU,USSS,YEKATERINBURG/KOLTSOVO
RU,UHSS,YUZHNO-SAKHALINSK/KHOMUTOVO
RW,HRYR,KIGALI INTERNATIONAL
SA,OEKJ,AL KHARJ
SA,OEPS,AL-KHARJ/PRINCE SULTAN AIR BASE
SA,OEDF,DAMMAM/KING FAHD INTERNATIONAL
SA,OEDR,DHAHRAN/KING ABDULAZIZ AIR BASE
SA,OEGS,GASSIM
SA,OEJD,JEDDAH FIR
SA,OEJN,JEDDAH/KING ABDULAZIZ INTERNATIONAL
SA,OEKM,KHAMIS MUSHAIT/KING KHALED AIR BASE
SA,OEMA,MADINAH/PRINCE MOHAMMAD BIN ABDULAZIZ INTERNATIONAL
SA,OEPC,PUMP STATION 3
SA,OERY,RIYADH AIR BASE
SA,OERK,RIYADH/KING KHALED INTERNATIONAL
SA,OESH,SHARURAH
SA,OETB,TABUK
SA,OETF,TAIF
SA,OE99,Unknown - SAUDI ARABIA
SA,OEYN,YENBO/PRINCE ABDULMOHSIN BIN ABDULAZIZ
SC,FSSS,SEYCHELLES ATCC/FIR
SC,FSIA,SEYCHELLES INTERNATIONAL
SD,HSSJ,JUBA
SD,HSSS,KHARTOUM
SD,HSNN,"NAYALA"
SD,HS99,Unknown - SUDAN
SE,ESDB,ANGELHOLM
SE,ESTA,ANGELHOLM
SE,ESNZ,ARE OSTERSUND
SE,ESNX,ARVIDSJAUR
SE,ESSD,BORLANGE
SE,ESNG,GALLIVARE
SE,ESGG,GOTEBORG/LANDVETTER
SE,ESGP,GOTEBORG/SAVE
SE,ESMT,HALMSTAD
SE,ESGJ,JONKOPING
SE,ESMQ,KALMAR
SE,ESOK,KARLSTAD
SE,ESSQ,KARLSTAD
SE,ESNQ,KIRUNA
SE,ESNK,KRAMFORS-SOLLEFTEA
SE,ESMK,KRISTIANSTAD
SE,ESHM,KUNGALV/KUNGALVS SJUKHUS
SE,ESGL,LIDKOPING
SE,ESSL,LINKOPING/SAAB
SE,ESPA,LULEA/KALLAX
SE,ESNL,LYCKSELE
SE,ESMS,MALMO
SE,ESMM,MALMO (ACC)
SE,ESKM,MORA/SILJAN
SE,ESSP,NORRKOPING/KUNGSANGEN
SE,ESOE,OREBRO
SE,ESNO,ORNSKOLDSVIK
SE,ESPC,OSTERSUND
SE,ESDF,RONNEBY
SE,ESNS,SKELLEFTEA
SE,ESGR,SKOVDE
SE,ESSA,STOCKHOLM/ARLANDA
SE,ESSB,STOCKHOLM/BROMMA
SE,ESHG,STOCKHOLM/GAMLA STAN
SE,ESKN,STOCKHOLM/SKAVSTA
SE,ESCN,STOCKHOLM/TULLINGE
SE,ESOW,STOCKHOLM/VASTERAS
SE,ESNN,SUNDSVALL-HARNOSAND
SE,ESGT,TROLLHATTAN-VANERSBORG
SE,ESNU,UMEA
SE,ES99,Unknown - SWEDEN
SE,ESMX,VAXJO/KRONOBERG
SE,ESSV,VISBY
SG,WSJC,SINGAPORE ACC/FIC
SG,WSSS,SINGAPORE/CHANGI
SI,LJLJ,LJUBLJANA/BRNIK
SI,LJ99,Unknown - SLOVENIA
SK,LZIB,BRATISLAVA/M.R.STEFANIK
SK,LZKZ,KOSICE
SK,LZPP,PIESTANY
SK,LZTT,POPRAD/TATRY
SK,LZ99,Unknown
SK,LZZI,ZILINA
SL,GFLL,FREETOWN/LUNGI
SN,GOBD,BLAISE DIAGNE DE DIASS INTERNATIONAL
SN,GOOO,"DAKAR (FIC,ACC,COM,NOF)"
SN,GOOV,DAKAR/VILLE
SN,GOOY,DAKAR/YOFF
SO,HCMM,MOGADISHU
SR,SMJP,JOHAN ADOLF PENGEL
SR,SMPB,PARAMARIBO
SR,SMZY,PARAMARIBO/ZANDERY
SR,SMZO,ZORG EN HOOP
ST,FPST,"SAO TOME/INTERNATIONAL,SAO TOME ISLAND"
SV,MSLP,AEROPUERTO INTERNACIONAL EL SAVADOR
SY,OSLK,BASSEL AL-ASSAD/INTL. LATTAKIA
SY,OSDI,DAMASCUS/INTL
SY,OS99,Unknown - SYRIA
TC,MBPV,PROVIDENCIALES INTERNATIONAL
TD,FTTT,"N'DJAMENA (FIC,COM)"
TD,FTTJ,N'DJAMENA ariport
TD,FT99,Unknown - CHAD
TG,DXXX,LOME/GNASSINGBE EYADEMA
TH,VTBD,BANGKOK/DON MUEANG INTL
TH,VTBS,BANGKOK/SUVARNABHUMI INTL
TH,VTSG,KRABI
TH,VTSP,PHUKET/PHUKET INTL
TH,VT99,Unknown - THAILAND
TJ,UTDD,DUSHANBE
TL,WPEC,BAUCAU/CAKUNG
TM,UTAA,ASHGABAT
TM,UTAM,MARY
TM,UTAV,TURKMENABAT
TM,UTAK,TURKMENBASHI
TN,DTTJ,DJERBA/ZARZIS
TN,DTNZ,ENFIDHA ZINE EL ABIDINE BEN ALI
TN,DTNH,ENFIDHA-HAMMAMET INTERNATIONAL
TN,DTMB,MONASTIR/HABIB BOURGUIBA
TN,DTTX,SFAX/THYNA
TN,DTTZ,TOZEUR/NEFTA
TN,DTTA,TUNIS/CARTHAGE
TN,DT99,Unknown - TUNISIA
TR,LTAF,ADANA
TR,LTAG,ADANA/INCIRLIK (MIL)
TR,LTCP,ADIYAMAN
TR,LTCO,AGRI/AHMED-I HANI
TR,LTAP,AMASYA/MERZIFON
TR,LTAC,ANKARA/ESENBOGA
TR,LTAD,ANKARA/ETIMESGUT (MIL)
TR,LTAI,ANTALYA
TR,LTFD,BALIKESIR/KOCA SEYIT
TR,LTCJ,BATMAN (MIL-CIV)
TR,LTCU,BINGOL
TR,LTBV,BODRUM/IMSIK (MIL)
TR,LTBR,BURSA/YENISEHIR
TR,LTBH,CANAKKALE
TR,LTAY,DENIZLI/CARDAK (MIL-CIV)
TR,LTCC,DIYARBAKIR
TR,LTCA,ELAZIG
TR,LTCD,ERZINCAN (MIL-CIV)
TR,LTCE,ERZURUM
TR,LTBY,ESKISEHIR/ANADOLU
TR,LTAJ,GAZIANTEP
TR,LTFG,GAZIPASA-ALANYA
TR,LTFK,GOKCEADA
TR,LTCW,HAKKARI/YUKSEKOVA SELAHADDIN EYYUBI
TR,LTDA,HATAY (CIV)
TR,LTCT,IGDIR
TR,LTFC,ISPARTA/S.DEMIREL
TR,LTBA,ISTANBUL/ATATURK
TR,LTFM,ISTANBUL/ISTANBUL HAVALIMANI
TR,LTFJ,ISTANBUL/SABIHA GOKCEN
TR,LTBB,"ISTANBUL/SEHIR-CITY,FIR,ACC,FIC,ATFMU"
TR,LTBJ,IZMIR/ADNAN MENDERES
TR,LTBL,IZMIR/CIGLI (MIL)
TR,LTBQ,IZMIT/TOPEL (MIL-CIV)
TR,LTCN,KAHRAMANMARAS
TR,LTAZ,KAPADOKYA
TR,LTCF,KARS/HARAKANI
TR,LTAU,KAYSERI (MIL/CIV)
TR,LTAM,KAYSERI (MIL/CIV)
TR,LTAN,KONYA (MIL-CIV)
TR,LTAT,MALATYA/ERHAC (MIL/CIV)
TR,LTCR,MARDIN
TR,LTBS,MUGLA/DALAMAN
TR,LTFE,MUGLA/MILAS-BODRUM
TR,LTCK,MUS
TR,LTCB,ORDU-GIRESUN
TR,LTFH,SAMSUN/CARSAMBA
TR,LTCS,SANLIURFA/GAP
TR,LTCM,SINOP
TR,LTCV,SIRNAK/SERAFETTIN ELCI
TR,LTAR,SIVAS/NURI DEMIRAG
TR,LTBU,TEKIRDAG/CORLU
TR,LTCG,TRABZON
TR,LT99,Unknown - TURKEY
TR,LTCI,VAN/FERIT MELEN
TR,LTBZ,ZAFER
TT,TTCP,CROWN POINT TOGAGO
TT,TTPP,PIARCO TRINIDAD
TT,TTPS,"PORT OF SPAIN,TRINIDAD"
TW,RCTP,TAIBEI CITY/TAIBEI INTL AP
TW,RCSS,TAIBEI/SONGSHAN
TW,RC99,Unknown - TAIWAN
TZ,HTDA,DAR ES SALAAM/JULIUS NYERERE
TZ,HTKJ,KILIMANJARO APP TWR AIS MET CIVIL AIRLINES
TZ,HTMW,MWANZA
TZ,HTSN,SERONERA
TZ,HT99,SLOVAKIA - Unknown - TANZANIA
TZ,HTZA,ZANZIBAR - KISAUNI
UA,UKLN,CHERNIVTSI
UA,UKDD,DNIPROPETROVS'K
UA,UKCC,DONETSK
UA,UKLI,IVANO-FRANKIVS'K
UA,UKHH,KHARKIV/OSNOVA
UA,UKKM,KYIV/ANTONOV
UA,UKBB,KYIV/BORYSPIL
UA,UKKK,KYIV/ZHULIANY
UA,UKLL,LVIV
UA,UKOO,ODESA
UA,UKFF,SIMFEROPOL
UA,UK99,Unknown - UKRAINE
UA,UKDE,ZAPORIZHZHIA/MOKRAYA
UG,HUEN,ENTEBBE (INTL)
UG,HU99,Unknown - UGANDA
UK,EGPD,ABERDEEN/DYCE
UK,EGJA,ALDERNEY
UK,EGPR,BARRA
UK,EGAA,BELFAST/ALDERGROVE
UK,EGAC,BELFAST/CITY
UK,EGPL,BENBECULA
UK,EGKB,BIGGIN HILL
UK,EGBB,BIRMINGHAM
UK,EGNH,BLACKPOOL
UK,EGHH,BOURNEMOUTH
UK,EGGD,BRISTOL
UK,EGTG,BRISTOL FILTON
UK,EGRD,BRISTOL WEATHER CENTRE
UK,EGVN,BRIZE NORTON
UK,EGSC,CAMBRIDGE
UK,EGFF,CARDIFF
UK,EGFC,CARDIFF/TREMORFA FORESHORE HELIPORT
UK,EGRT,CLEETON (OIL RIG)
UK,EGBE,COVENTRY
UK,EGYD,CRANWELL
UK,EGCI,DONCASTER
UK,EGCN,DONCASTER SHEFFIELD
UK,EGPN,DUNDEE
UK,EGNV,DURHAM TEES VALLEY
UK,EGNX,EAST MIDLANDS
UK,EGPH,EDINBURGH
UK,EGQT,EDINBURGH
UK,EGTE,EXETER
UK,EGLF,FARNBOROUGH
UK,EGGR,GATWICK CAA SRG (AVIATION HOUSE)
UK,EGPF,GLASGOW
UK,EGRA,GLASGOW WEATHER CENTRE
UK,EGJB,GUERNSEY
UK,EGNR,HAWARDEN
UK,EGNJ,HUMBERSIDE
UK,EGPE,INVERNESS
UK,EGPI,ISLAY
UK,EGNS,ISLE OF MAN
UK,EGJJ,JERSEY
UK,EGPA,KIRKWALL
UK,EGNM,LEEDS BRADFORD
UK,EGRY,LEEDS WEATHER CENTRE
UK,EG13,LERWICK
UK,EGGP,LIVERPOOL
UK,EGGA,LONDON (CAA HQ)
UK,EGKK,LONDON GATWICK
UK,EGLL,LONDON HEATHROW
UK,EGGW,LONDON LUTON
UK,EGSS,LONDON STANSTED
UK,EGLC,LONDON/CITY
UK,EGAE,LONDONDERRY/EGLINTON
UK,EGMD,LYDD
UK,EGDL,LYNEHAM
UK,EGCC,MANCHESTER
UK,EGCB,MANCHESTER/BARTON
UK,EGMH,MANSTON
UK,EGRC,MET OFFICE MANCHESTER
UK,EGYP,MOUNT PLEASANT
UK,EGGS,"NATS S HQ,SIPSON COURT"
UK,EGNT,NEWCASTLE
UK,EGDG,NEWQUAY
UK,EGHQ,NEWQUAY
UK,EGWU,NORTHOLT
UK,EGVC,NORTHOLT (AIDU)
UK,EGSH,NORWICH
UK,EGBN,NOTTINGHAM
UK,EG40,OIL RIGS
UK,EGTK,OXFORD/KIDLINGTON
UK,EGHD,PLYMOUTH
UK,EGPK,PRESTWICK
UK,EGQG,PRESTWICK
UK,EGNE,RETFORD/GAMSTON
UK,EGPM,SCATSTA
UK,EGHE,SCILLY ISLES/ST MARYS
UK,EGSY,SHEFFIELD CITY
UK,EGHI,SOUTHAMPTON
UK,EGMC,SOUTHEND
UK,EGPO,STORNOWAY
UK,EGPB,SUMBURGH
UK,EG90,SYSTEM - LONDON
UK,EGPU,TIREE
UK,EGGG,UK AFTN/CIDIN CENTRE
UK,EGZZ,UK PDAI (GEN)
UK,EG99,Unknown - UNITED KINGDOM
UK,EGPC,WICK
US,KILN,AIRBORNE AIRPARK
US,KAKR,"AKRON, OH."
US,PAED,"ANCHORAGE/ELMENDORF AFB,AK."
US,KBQN,AQUADILLA/RAFAEL HER
US,KBSM,"AUSTIN, TX, BASE OPS"
US,KAUS,"AUSTIN,TX, AUSTIN-BERGSTROM INTL ARPT"
US,KBWI,"BALTIMORE-WASHINGTON INTERNATIONAL THURGOOD MARSHALL, MD."
US,KBGR,"BANGOR INTERNATIONAL, ME."
US,KBHM,"BIRMINGHAM, AL."
US,KBOI,BOISE AIR TERMINAL/GOWEN FLD ID.
US,KBOS,"BOSTON/GENERAL EDWARD LAWRENCE LOGAN INTERNATIONAL, MA."
US,KBDL,BRADLEY INTERNATIONAL CT.
US,KCHS,"CHARLESTON/AFB INTL,SC."
US,KCLT,"CHARLOTTE/DOUGLAS INTERNATIONAL, NC."
US,KNKT,"CHERRY POINT MCAS/CUNNINGHAM FIELD,NC."
US,KORD,"CHICAGO - O'HARE INTERNATIONAL, IL."
US,KLUK,CINCINNATI/MUNI LUNKEN FIELD OH.
US,KCLE,"CLEVELAND-HOPKINS INTERNATIONAL, OH."
US,KCOS,COLORADO SPRINGS MUNICIPAL
US,KCMH,"COLUMBUS/PORT COLUMBUS INTERNATIONAL, OH."
US,KLCK,"COLUMBUS/RICKENBACKER,OH."
US,KCVG,"COVINGTON-CINCINNATI/NORTHERN KENTUCKY INTERNATIONAL, KY."
US,KDFW,"DALLAS-FORT WORTH INTERNATIONAL, TX."
US,KDAL,"DALLAS/DALLAS-LOVE FIELD,TX."
US,KDAY,"DAYTON/JAMES M. COX DAYTON INTL, OH."
US,KFFO,"DAYTON/WRIGHT-PATTERSON AFB, OH."
US,KDEN,DENVER INTERNATIONAL
US,KDTW,"DETROIT METROPOLITAN WAYNE COUNTY, MI."
US,KYIP,"DETROIT/WILLOW RUN, MI."
US,KDOV,"DOVER AFB, DE."
US,KBIF,"EL PASO/BIGGS AAF,FORT BLISS ,TX."
US,PAFA,"FAIRBANKS INTERNATIONAL, AK."
US,KSUU,"FAIRFIELD/TRAVIS AFB,CA."
US,KFAR,"FARGO/HECTOR INTL,ND."
US,KPOB,"FAYETTEVILLE/POPE AFB,NC."
US,KLSF,"FORT BENNING/LAWSON AAF,GA."
US,KHOP,FORT CAMPBELL (HOPKINSVILLE KY)
US,KGRK,FORT HOOD-KILLEEN/ROBERT GRAY AAF TX.
US,KFLL,FORT LAUDERDALE/HOLLYWOOD INTERNATIONAL FL.
US,KRSW,"FORT MYERS/SOUTHWEST FLORIDA INTERNATIONAL, FL."
US,KAFW,FORT WORTH ALLIANCE TX.
US,KFWH,"FORT WORTH/CARSWELL AFB,TX."
US,KIAH,"GEORGE BUSH INTERCONTINENTAL/HOUSTON, TX."
US,KGSB,"GOLDSBORO/SEYMOUR-JOHNSON AFB, NC."
US,KGSP,"GREER/GREENVILLE-SPARTANBURG ,SC."
US,KGPT,"GULFPORT/BILOXI REGIONAL,MS."
US,KATL,"HARTSFIELD - JACKSON ATLANTA INTERNATIONAL, GA."
US,KHSV,"HUNTSVILLE/INTL CARL T.JONES FIELD,AL."
US,KHUA,"HUNTSVILLE/REDSTONE AAF ARSENAL,AL."
US,KIND,"INDIANAPOLIS INTERNATIONAL, IN."
US,KNIP,"JACKSONVILLE NAS(TOWERS FIELD),FL."
US,KISO,KINSTON REGIONAL JETPORT
US,KLAS,"LAS VEGAS/MCCARRAN INTERNATIONAL, NV."
US,KLSV,"LAS VEGAS/NELLIS AFB,NV."
US,KVBG,"LOMPOC/VANDENBURG AFB,CA."
US,KLAX,"LOS ANGELES INTERNATIONAL, CA."
US,KLOU,"LOUISVILLE/BOWMAN FIELD,KY."
US,KSDF,"LOUISVILLE/STANDIFORD,KY."
US,KMGE,"MARIETTA/DOBBINS AFB, GA."
US,KSAW,"MARQUETTE, MI, SAWYER INTL ARPT"
US,KMLB,"MELBOURNE/REGIONAL,FL."
US,KMEM,"MEMPHIS INTERNATIONAL, TENN."
US,KOAK,"METROPOLITAN OAKLAND INTERNATIONAL, CA."
US,KZMA,"MIAMI (ARTCC), FL."
US,KMIA,"MIAMI INTERNATIONAL, FL."
US,KMSP,"MINNEAPOLIS-ST. PAUL INTERNATIONAL (WOLD CHAMBERLAIN), MN."
US,KBNA,"NASHVILLE INTERNATIONAL, TN."
US,KMSY,NEW ORLEANS/LOUIS ARMSTRONG NEW ORLEANS INTERNATIONAL LA.
US,KRNY,"NEW YORK (FAA EASTERN REGIONAL OFFICE MESSAGE CENTER), NY."
US,KNYC,"NEW YORK CITY/WEATHER BUREAU OFFICE METROPOLITAN AREA,NY"
US,KJFK,"NEW YORK/JOHN F. KENNEDY INTERNATIONAL, NY."
US,KEWR,"NEWARK LIBERTY INTERNATIONAL, NJ."
US,KSWF,"NEWBURGH/STEWART INTL,NY."
US,KORF,NORFOLK/INTL VA.
US,KNGU,"NORFOLK/NORFOLK NS (CHAMBERS FIELD),VA."
US,KGWC,"OFFUTT AFB, OMAHA"
US,KHIF,"OGDEN/HILL AFB, UT."
US,KTIK,OKLAHOMA CITY/TINKER AFB OK.
US,KMCO,"ORLANDO INTERNATIONAL, FL."
US,KORL,"ORLANDO, FLA."
US,KSFB,"ORLANDO/CENTRAL FLORIDA REGIONAL,FL."
US,KPHL,"PHILADELPHIA INTERNATIONAL, PA."
US,KPHX,"PHOENIX SKY HARBOR INTERNATIONAL, AZ."
US,KPIT,"PITTSBURGH/PITTSBURGH INTERNATIONAL, PA."
US,KPDX,"PORTLAND INTERNATIONAL, OR."
US,KPSM,PORTSMOUTH/PEASE INTL TRADEPORT NH.
US,KPVD,"PROVIDENCE/THEODORE FRANCIS GREENE STATE,RI."
US,KRDU,"RALEIGH-DURHAM INTERNATIONAL, NC."
US,KRST,"ROCHESTER/MUNI,MN."
US,KRFD,"ROCKFORD/GREATER ROCKFORD,IL"
US,KSLC,"SALT LAKE CITY INTERNATIONAL, UT."
US,KNSD,SAN DIEGO
US,KSAN,"SAN DIEGO INTERNATIONAL, CA."
US,KNKX,"SAN DIEGO/MIRAMAR MCAS(MITSCHER FIELD),CA U.S"
US,KNZY,"SAN DIEGO/NORTH ISLAND NAS-HALSEY FIELD,CA."
US,KSFO,"SAN FRANCISCO/INTL,CA."
US,KSJC,"SAN JOSE NORMAN Y. MINETA INTERNATIONAL, CA."
US,KSVN,SAVANNAH/HUNTER AAF GA.
US,KSEA,"SEATTLE/SEATTLE-TACOMA INTERNATIONAL, WA."
US,KDMO,SEDALIA
US,KSTL,ST. LOUIS/LAMBERT-ST. LOUIS INTERNATIONAL MO.
US,KSSC,"SUMTER/SHAW AFB, SC."
US,KA90,SYSTEM - CHICAGO
US,KD90,SYSTEM - DETROIT
US,KA91,SYSTEM - WASHINGTON
US,KTPA,"TAMPA INTERNATIONAL, FL."
US,PANC,"TED STEVENS ANCHORAGE INTERNATIONAL, AK."
US,KTIX,"TITUSVILLE/SPACE CENTER EXECUTIVE,FL."
US,KTOL,"TOLEDO/EXPRESS,OH."
US,KTUS,"TUCSON INTERNATIONAL, AZ."
US,KDMA,"TUCSON/DAVIS MONTHAN AFB,AZ."
US,K999,Unknown - UNITED STATES
US,KIAD,"WASHINGTON DULLES INTERNATIONAL, DC."
US,KDCA,"WASHINGTON/NATIONAL, DC."
US,KWRI,"WRIGHTSTOWN/MCGUIRE AFB,NJ."
UY,SUMU,MONTEVIDEO/INTL.CARRASCO GRAL. CESAREO L. BERISSO
UZ,UTSA,"NAVOI"
UZ,UTTT,TASHKENT-UZHNY
UZ,UTTW,TASHKENT/UZMET
UZ,UT99,Unknown - UZBEKISTAN TAJIKISTAN TURKMENISTAN
UZ,UTNU,URGENCH
VE,SVBC,"BARCELONA, ANZOATEGUI"
VE,SVCA,"CENTRO COM AFTN (CCAM), MAIQUETIA"
VE,SVMI,"MAIQUETIA, INTL, SIMON BOLIVAR, VARGAS"
VE,SVMC,"MARACAIBO, ZULIA"
VE,SVMG,"MARGARITA, NUEVA ESPARTA"
VE,SVVA,VALENCIA CARABOBO
VN,VVGL,GIA LAM
VN,VVNB,HA NOI/NOI BAI
VN,VVTS,HO CHI MINH/TAN SON NHAT
VU,NV99,Unknown - VANUATU
XK,LYDK,DAKOVICA
XK,LYPR,PRISTINA
YE,OYHD,HODEIDAH/INTL
YE,OYAR,RIYAN
YE,OYSN,SANAA/INTL
ZA,FACT,CAPE TOWN (CAPE TOWN INTERNATIONAL )
ZA,FADN,DURBAN (DURBAN INTERNATIONAL )
ZA,FAJB,JOHANNESBURG (CITY)
ZA,FAMM,MAFIKENG AD
ZA,FAJS,O.R TAMBO INTERNATIONAL
ZA,FAOR,OLIFANTS RIVER BRIDGE
ZA,FAPR,PRETORIA (MET)
ZA,FAGM,RAND
ZA,FA99,Unknown - SOUTH AFRICA
ZA,FAUP,UPINGTON
ZA,FAWK,WATERKLOOF (SAAF)
ZA,FAWE,WELGENVONDEN
ZA,FAWH,WINDHOEK/LUGHAWE
ZM,FLKK,KAKUMBI
ZM,FLHQ,LUSAKA (DCA/ HQ)
ZM,FLLS,LUSAKA/INTL
ZM,FLSK,SIANKABA
ZW,FVCP,CHARLES PRINCE
ZW,FVHA,HARARE INTERNATIONAL
ZZ,ZZZZ,Unknown
